claimType,coverage,country,deviceType,make,model,rrp,excessFee,channel,policyStatus,issueDesc,decline_reason,status,turnOnOff,touchScreen,frontCamera,backCamera,audio,mic,synthetic_id,scenario_type,borderline_factors,edge_case_type,expected_outcome
Accidental Damage,ADLD,SE,SMARTPHONES,WUAWEI,WUAWEI-SYN-0,8999,150,Online Portal,Active,"I dropped my WUAWEI smartphone last week and now the screen doesn't work properly. The device was working fine before but now there are some issues. The screen has some cracks and the touch isn't responding in certain areas. I think it happened when I accidentally knocked it off my desk, but I'm not entirely sure when exactly it occurred. The phone still turns on but the display is damaged. I need it repaired as soon as possible because I use it for work. The corners of the phone also seem slightly bent but that might have been from before.","Pre-existing damage claimed as new. Claimant mentions bent corners 'might have been from before' and vague timeline ('last week', 'not entirely sure when exactly'). Multiple damage points (screen cracks, bent corners, touch issues) inconsistent with single drop incident. Suggests progressive damage or pre-existing condition rather than sudden accident. Lack of specific details and contradictory statements indicate potential wear and tear misrepresented as accidental damage.",Declined,True,False,True,True,True,True,SYN-DEC-0000,declined,,,
Accidental Damage,ADLD,NL,SMARTPHONES,WUAWEI,WUAWEI-SYN-9,899,150,Online Portal,Active,"I dropped my WUAWEI-SYN-9 last week and now the screen has cracks all over it. The phone still works but the display is completely shattered. I've been using it for about 18 months without any problems before this happened. The device fell from my pocket while I was walking. I need it repaired as soon as possible since I use it for work. The back of the phone also seems to have some minor damage, but the main issue is the screen. I'm not sure exactly how far it fell but it wasn't from very high up. The screen just suddenly started showing these spider-web cracks everywhere.","Pre-existing damage claimed as new. Photos reveal hairline cracks and screen separation patterns consistent with progressive deterioration over months, not acute drop damage. Damage pattern inconsistent with single drop incident—corner impact damage absent, but stress fractures present throughout. Device age (18 months) combined with vague drop description and photo evidence suggest wear and tear rather than sudden accident.",Declined,True,False,True,True,True,True,SYN-DEC-0009,declined,,,
Accidental Damage,ADLD,SE,SMARTPHONES,WUAWEI,WUAWEI-P50-Pro,8999,250,Online Portal,Active,Jag råkade tappa min telefon från min buskehylla hemma och den landade på golvet. Skärmen började omedelbar visa konstiga linjer och färgöverföringar. Telefonen fungerar fortfarande tekniskt sett men displayen är väldigt påverkad. Jag har använt den dagligen i ungefär två år och har alltid varit försiktig med den. Det är helt plötsligt att det här hände. Kan inte använda den längre pga displayskador.,"Gradual wear and tear. Device has been in use for approximately 2 years with display degradation patterns consistent with age-related deterioration rather than sudden impact damage. The vague description of 'fall from shelf' combined with multiple display symptoms (lines and color distortion) suggests pre-existing screen degradation being claimed as accidental damage. Technical functionality combined with selective display issues indicates progressive failure, not acute accident.",Declined,True,True,True,True,True,True,SYN-DEC-0001,declined,,,
Accidental Damage,ADLD,NL,SMARTPHONES,WUAWEI,WUAWEI-SYN-8,8500,150,Online Portal,Active,"Mijn WUAWEI smartphone scherm is helaas kapot gegaan. Ik heb het toestel nu al ongeveer twee jaar en gebruik het dagelijks voor werk. Het scherm is in de afgelopen maanden steeds slechter geworden met kleine barsten die zich hebben uitgebreid. Gisteren werd het ineens veel erger en nu kan ik het apparaat niet meer goed gebruiken. Het kan zijn dat ik het heb laten vallen, maar ik ben niet helemaal zeker wanneer dit precies is gebeurd. Mogelijk was het een paar weken geleden of vorige maand. Het scherm toont nu veel donkere vlekken en de touch werkt niet overal meer. Ik wil graag een claim indienen voor het vervangen van het scherm.","Claim declined due to gradual wear and tear combined with pre-existing damage. The description indicates progressive screen deterioration over months with small cracks gradually expanding, which is characteristic of gradual wear rather than sudden accidental damage. The claimant's inability to specify when the alleged incident occurred, combined with the pattern of progressive failure, suggests the damage is not covered under accidental damage protection. The device's 2-year age and daily heavy use further support wear and tear classification rather than a sudden accident.",Declined,True,False,True,True,True,True,SYN-DEC-0008,declined,,,
Accidental Damage,ADLD,NL,SMARTPHONES,WUAWEI,WUAWEI-SYN-5,1299,150,Online Portal,Active,Mijn WUAWEI-SYN-5 smartphone heeft ernstige schade aan het scherm opgelopen. Het display vertoont veel barsten en het glas is gebroken op meerdere plekken. Dit gebeurde toen ik de telefoon uit mijn zak liet vallen. Het toestel werkt nog maar het scherm is erg beschadigd. Ik heb de telefoon al een paar maanden en sinds die tijd heb ik gemerkt dat het scherm soms flikkert en de helderheid neemt geleidelijk af. Nu is het helemaal kapot. Dit is heel frustrerend want ik gebruik de telefoon dagelijks en kan hem niet meer goed gebruiken. Graag wil ik dat de claim wordt goedgekeurd zodat ik het scherm kan laten repareren of vervangen.,"Claim declined due to pre-existing damage and gradual deterioration inconsistent with single impact incident. Claimant mentions progressive flickering and diminishing brightness over months prior to claiming sudden drop damage, indicating wear and tear rather than acute accidental damage.",Declined,True,False,True,True,True,True,SYN-DEC-0005,declined,,,
Accidental Damage,ADLD,SE,SMARTPHONES,WUAWEI,WUAWEI-SYN-7,8999,150,Online Portal,Active,"Skärmens display har spruckit och enheten fungerar inte längre korrekt. Jag råkade tappa telefonen från min skrivbord en gång för några veckor sedan, men det var bara ett litet fall och inget synligt skadades då. Nu när jag kollade på den igång så märkte jag att det finns ett större sprickmönster över skärmen. Också märkte jag att högtalaren låter konstigt och mikrofonen verkar inte fungera helt rätt. Jag vet inte exakt när detta hände men det måste varit från fallen. Kan ni fixa detta eller ersätta enheten?","Claim appears to involve pre-existing or gradual damage. Claimant describes a minor drop weeks ago with no visible damage at the time, but now reports multiple failures (screen, speaker, microphone) appearing simultaneously. This pattern is inconsistent with a single impact incident and suggests either pre-existing damage, manufacturing defect, or gradual wear being misrepresented as sudden accidental damage. The vague timeline and lack of specific details about when damage was actually discovered further support decline.",Declined,True,False,True,True,False,False,SYN-DEC-0007,declined,,,
Accidental Damage,ADLD,SE,SMARTPHONES,WUAWEI,WUAWEI-SYN-4,8999,250,Online Portal,Active,"Jag hade min telefon i fickan när jag satte mig ner och hörde ett knäppande ljud. Senare märkte jag att displayen hade små sprickor vid ena hörnet. Telefonens prestanda har varit långsam de senaste veckorna och batteriet håller inte lika länge som förut. Skärmen är inte helt bruten men det finns flera små sprickor som spridits över tiden. Jag är inte säker på exakt när det började hända, det kan ha varit för två-tre veckor sedan. Telefonen har använts dagligen och kanske droppats några gånger tidigare, men ingenting större. Nu fungerar den fortfarande men är väldigt långsam och reagerar inte alltid på beröring.","Gradual wear and tear combined with pre-existing damage. The claimant describes progressive screen deterioration over 2-3 weeks, multiple small cracks spreading over time, battery degradation, and reduced performance—all indicators of cumulative damage rather than a single incident. The vague timeline, multiple drops mentioned without detail, and description of ongoing performance issues suggest pre-existing defects or normal wear rather than a specific accidental damage event covered by the policy.",Declined,True,False,True,True,True,True,SYN-DEC-0004,declined,,,
Accidental Damage,ADLD,NL,SMARTPHONES,WUAWEI,WUAWEI-SYN-2,899,150,Online Portal,Active,"Mijn WUAWEI-SYN-2 valt niet meer aan. Het scherm toont geen beeld en de telefoon reageert niet op knoppen. Ik heb het apparaat gisteren laten vallen van ongeveer 1 meter hoogte op een houten vloer. De voorkant van het toestel ziet er normaal uit, zonder duidelijke scheuren. Het gebeurde heel snel, dus ik ben niet zeker wat precies kapot is gegaan. De batterij werkt waarschijnlijk nog, want ik voelde het warm worden na de val. Dit moet dekking vallen onder accidentele schade. Het toestel werkte perfect tot het moment van de val.","Pre-existing damage claim as new. Upon inspection, the device exhibits multiple indicators of gradual wear and tear unrelated to the described single-meter drop: deteriorated charging port connections, oxidized internal components suggesting prolonged moisture exposure, and worn battery contacts inconsistent with acute impact damage. The vague description ('niet zeker wat precies kapot is') combined with claims of 'perfect working condition' before an event that should not cause the described symptoms raises suspicion of misrepresentation. Manufacturing defect likely given the nature of failure pattern.",Declined,False,False,True,True,False,False,SYN-DEC-0002,declined,,,
Accidental Damage,ADLD,NL,SMARTPHONES,WUAWEI,WUAWEI-SYN-3,899,150,Online Portal,Active,"I noticed my phone screen had some cracks and the display is not working properly anymore. The device fell from my pocket while I was walking, but I'm not entirely sure exactly when this happened - could have been a few weeks ago or maybe last month. The screen seems to have multiple cracks spreading across it, and there's also some discoloration at the edges. I didn't notice it right away because I usually use a protective case. When I finally checked without the case, the damage was already there. The phone still turns on but the touch sensitivity is very poor. I would like to claim for screen replacement and any other damage that might be present. I don't have photos from immediately after the incident because I only realized the extent of the damage today.","Claim declined due to gradual wear and tear inconsistent with a single accidental impact. Multiple indicators suggest pre-existing damage: unclear timeline of incident (weeks or months), delayed discovery of damage, pattern of cracks and discoloration suggesting progressive deterioration rather than impact damage, and lack of contemporaneous evidence. The vague description and inability to pinpoint incident time raises concerns about causation.",Declined,True,False,True,True,True,True,SYN-DEC-0003,declined,,,
Accidental Damage,ADLD,NL,SMARTPHONES,WUAWEI,WUAWEI-SYN-11,8500,150,Online Portal,Active,"Mijn WUAWEI smartphone is beschadigd geraakt. Het scherm heeft enkele kleine barsten en de hoeken voelen ruw. De camera werkt niet goed meer en het geluid is soms zwak. Dit gebeurde vorige week tijdens normaal gebruik. Het apparaat valt regelmatig uit mijn zak, dus het kan daar vandaan komen. De batterij gaat ook sneller leeg dan normaal. Ik wil het graag vervangen omdat het niet meer goed werkt.","Pre-existing damage claimed as new incident. Multiple deterioration signs (rough edges, weak audio, poor battery) indicate gradual wear and tear over extended period, not sudden accidental impact. Vague incident description lacking specific details (time, location, nature of fall), combined with non-specific damage pattern, suggests damage predates claim filing.",Declined,True,True,False,False,False,True,SYN-DEC-0011,declined,,,
Accidental Damage,ADLD,SE,SMARTPHONES,WUAWEI,WUAWEI-P50-PRO,8999,250,Online Portal,Active,"Jag hade min telefon i fickan när jag satte mig ner, och skärmen började spricka. Det verkar som att något hände men jag är inte helt säker. Telefonen har fungerat lite konstigt en tid innan detta happened - kameran var suddig ibland och batteriet laddades inte så bra. Nu är det bara helt bruten och visar vita linjer på skärmen överallt. Jag använder den nästan varje dag så det måste ha varit en kraftig stöt. Kan inte säga exakt vad som hände men den var helt ok förut.","Pre-existing damage claimed as new accident. Claimant admits device had pre-existing issues (sluggish camera, poor battery charging) weeks/days before claim, indicating gradual deterioration. Vague incident description ('något hände men jag är inte helt säker') with inconsistent damage pattern (white lines on display suggesting internal delamination from prolonged use, not sudden impact). Damage pattern inconsistent with described compression incident in pocket.",Declined,True,False,True,False,True,True,SYN-DEC-0010,declined,,,
Accidental Damage,ADLD,NL,SMARTPHONES,WUAWEI,WUAWEI-SYN-12,899,150,Online Portal,Active,"I dropped my WUAWEI-SYN-12 last week and now the screen has multiple hairline cracks spreading from the bottom left corner. The device still works but the display is difficult to read in certain areas. I've been using this phone for about 18 months without any issues until this incident. The cracks are quite extensive now and seem to be getting worse. I need this repaired urgently as it affects my daily work. The phone was in good condition before the drop, though I admit the screen protector I was using wasn't very good quality. Looking at the damage pattern, it appears the impact was significant enough to compromise the structural integrity of the display panel.","Claim denied due to gradual wear and tear inconsistent with single impact damage. The description of hairline cracks 'spreading' and 'getting worse' over time, combined with use of a poor-quality screen protector after 18 months of ownership, suggests progressive deterioration rather than sudden accidental damage. The extent of damage described (multiple cracks from single drop) is inconsistent with typical drop scenarios and suggests pre-existing micro-fractures or material degradation.",Declined,True,True,True,True,True,True,SYN-DEC-0012,declined,,,
Accidental Damage,ADLD,NL,SMARTPHONES,WUAWEI,WUAWEI-P40-Pro,899,150,Online Portal,Active,"I noticed my phone screen had some cracks on the edges and the display wasn't working properly anymore. I think it might have been dropped at some point, but I'm not entirely sure when exactly it happened. It could have been last week or maybe a few weeks ago during my commute. The phone was in my bag most of the time so I didn't see the actual impact. The cracks seem to be spreading slowly along the sides of the screen and the touch response has become intermittent. The phone still turns on but the display flickers occasionally. I'd like to claim for the screen repair as it's clearly damaged and affecting usability.","Gradual wear and tear with uncertain incident timing. The claimant cannot pinpoint when the damage occurred, describes it as 'spreading slowly' which indicates progressive deterioration consistent with manufacturing defect or gradual damage rather than sudden accidental impact. Vague description lacking specific incident details, and the combination of cracks with intermittent display issues suggests potential pre-existing manufacturing defect covered under warranty, not accidental damage.",Declined,True,False,True,True,True,True,SYN-DEC-0015,declined,,,
Accidental Damage,ADLD,NL,SMARTPHONES,WUAWEI,WUAWEI-P48,899,150,Online Portal,Active,"Mijn WUAWEI-P48 scherm is kapot gegaan. Ik had hem in mijn broekzak en ben ergens tegen aan gelopen. Het scherm heeft veel barsten en het achterpaneel heeft ook scheuren. De telefoon doet het nog wel aan, maar het scherm is onbruikbaar. Dit gebeurde vorige week vrijdag. Ik wil graag dat het gerepareerd wordt onder mijn verzekering.","Claim contains multiple red flags: (1) Vague incident description lacking specific details (unclear what device was struck against, no timestamp precision); (2) Damage pattern inconsistent with single impact event (multiple fracture locations on both front and back panel suggest cumulative stress or drops rather than single collision); (3) Pre-existing damage indicators - extent of damage to both screen and rear panel suggests repeated impacts or chronic stress rather than acute accident; (4) Delayed reporting (occurred 'vorige week' but claimed now with no urgency documentation).",Declined,True,False,False,False,True,True,SYN-DEC-0014,declined,,,
Accidental Damage,ADLD,SE,SMARTPHONES,WUAWEI,WUAWEI-SYN-13,8999,150,Online Portal,Active,"Jag hade min telefon i fickan när jag satte mig ned på soffan och märkte senare att skärmen hade ett litet sprucket hörn. Jag är inte helt säker på exakt när det hände, det kunde ha varit igår eller för ett par dagar sedan. Telefonen fungerar fortfarande men skärmen ser lite märklig ut nu på ett hörn. Jag använder telefonen dagligen och märkte att den inte var i perfekt skick, men det börjar först nu att bli ett större problem. Det är möjligt att det fanns en liten repa tidigare som jag inte lade märke till. Kan detta täckas av försäkringen? Telefonens övriga funktioner verkar okej för tillfället.","Gradual wear and tear with pre-existing damage indicators. Claimant is uncertain about incident timing, admits screen damage may have existed previously, and describes progressive deterioration rather than sudden accidental impact. The vague description and admission of incremental damage progression indicate this is likely manufacturing defect or normal wear, not covered accidental damage.",Declined,True,False,True,True,True,True,SYN-DEC-0013,declined,,,
Accidental Damage,ADLD,NL,SMARTPHONES,WUAWEI,WUAWEI-SYN-17,899,150,Online Portal,Active,"Mijn WUAWEI-SYN-17 werkt niet meer goed. Het scherm is gebarsten en het toestel reageert niet altijd. Ik denk dat het van een val is, maar het is al een paar weken geleden gebeurd. Eigenlijk weet ik niet meer precies wanneer. Het kan zijn dat ik het laten vallen heb, of misschien is het gewoon kapot gegaan. De batterij gaat ook heel snel leeg en de linkerkant van het scherm werkt niet meer. Ik heb het toestel al heel lang, misschien wel twee jaar. Het is gewoon langzaam slechter geworden. Kunnen jullie het repareren?","Gradual wear and tear combined with vague incident description and extended time elapsed. Claimant cannot specify when damage occurred (states 'a few weeks ago' but also indicates progressive deterioration over two years). Multiple symptoms (cracked screen, battery degradation, unresponsive touch areas) are consistent with normal device aging rather than a single accidental impact. The timeline is unclear and contradictory, raising suspicion of pre-existing damage being claimed as new.",Declined,True,False,True,True,True,True,SYN-DEC-0017,declined,,,
Accidental Damage,ADLD,SE,SMARTPHONES,WUAWEI,WUAWEI-SYN-16,8999,250,Online Portal,Active,"Jag har ett problem med min WUAWEI-SYN-16. Skärmen är sprucken och på flera ställen ser det ut som det finns märken från tidigare. Jag är inte helt säker på när detta hände, men det var någon gång förra veckan kanske? Möjligt att jag tappade den, men det kan också vara något annat. Enheten fungerar fortfarande delvis men är väldigt långsam och skärmen flimrar ibland. Jag har använt den här mobilen i ungefär två år och den har haft lite problem tidigare också - batteriet håller inte lika länge som förut och högtalaren låter konstigt. Nu vill jag göra ett försäkringskrav för skärmen. Kan ni fixa detta?","Claim exhibits multiple red flags: (1) Vague incident description with uncertainty about timing and cause ('någon gång förra veckan kanske', 'möjligt att jag tappade den'); (2) Visible pre-existing damage ('märken från tidigare') suggesting claim is for accumulated wear rather than single incident; (3) Pattern of device degradation over 2 years (battery, speaker issues) indicating gradual wear and tear, not sudden accident; (4) Device malfunctioning before reported incident (slow performance, flickering) suggesting damage predates claim filing. These indicators suggest the claimant is attempting to cover pre-existing wear and tear with an accidental damage claim.",Declined,True,False,True,True,False,True,SYN-DEC-0016,declined,,,
Accidental Damage,ADLD,SE,SMARTPHONES,WUAWEI,WUAWEI-P40-Pro,8999,150,Online Portal,Active,"My WUAWEI P40 Pro screen has stopped working properly. The display shows cracks and discoloration in the bottom corner. This happened when I dropped it last week, but I'm not entirely sure from what height. The phone still turns on but the touch function is intermittent. I also noticed the back of the device has some wear marks and the frame appears slightly bent, though I can't remember exactly when that occurred. The device has been in my possession for approximately 18 months and I use it daily. The screen damage seems to have progressively worsened over the past few days. I would like to claim for a screen replacement under my device protection policy.","Claim declined due to multiple red flags: (1) Vague incident description lacking specific details about the alleged drop (time, height, exact circumstances); (2) Progressive worsening of damage over days suggests pre-existing damage or gradual deterioration rather than single sudden impact; (3) Additional wear marks and frame bending mentioned without clear incident attribution indicates possible gradual wear and tear; (4) Inconsistent timeline between 'last week' drop and progressive worsening suggests damage predates claim; (5) Device age of 18 months with daily use indicates potential cumulative wear rather than isolated accident.",Declined,True,False,True,True,True,True,SYN-DEC-0018,declined,,,
Accidental Damage,ADLD,SE,SMARTPHONES,WUAWEI,WUAWEI-SYN-19,8999,150,Online Portal,Active,"Jag hade min WUAWEI-SYN-19 i min väska när jag var på jobbet igår. Plötsligt märkte jag att skärmen var helt sprucken och mobilens fram var väldigt skadad. Jag är inte helt säker på vad som hände, kanske slog jag väskan mot något eller tog på den för hårt. Skärmen fungerar inte alls längre och det är väldigt svårt att se något. Jag behöver denna telefon för mitt arbete och kan inte vara utan den. Kan ni hjälpa mig? Jag har haft telefonen i ungefär 18 månader och den har varit väldigt bra innan detta hände.","Claim declined due to combination of vague incident description (unclear how damage occurred), inconsistency (extensive screen damage with uncertain cause), and strong indicators of gradual wear and tear given the 18-month usage period. The timing of multiple simultaneous failures (screen completely shattered AND front severely damaged from unspecified impact) suggests pre-existing deterioration rather than acute accidental damage. The claimant's uncertainty about the actual incident ('inte helt säker på vad som hände') raises adjuster concerns about claim legitimacy.",Declined,True,False,False,True,True,True,SYN-DEC-0019,declined,,,
Accidental Damage,ADLD,NL,SMARTPHONES,WUAWEI,WUAWEI-SYN-20,8999,350,Online Portal,Active,"Mijn WUAWEI-SYN-20 is niet meer werkend. Het scherm heeft enkele kleine barstjes en het toestel wordt erg heet. Ik denk dat ik het misschien een paar maanden geleden heb laten vallen, maar ik ben niet zeker van de exacte datum. Het ding werkt nu gewoon niet goed meer. Het begon langzaam slechter te worden en nu is het helemaal stuk. Ik wil het graag repareren of vervangen. De batterij gaat ook heel snel leeg sinds ongeveer half jaar geleden. Het lijkt erop dat alles tegelijk kapot is gegaan.","Claim exhibits multiple indicators of gradual wear and tear rather than sudden accidental damage: vague incident description lacking specific date/circumstances, mention of device 'slowly worsening over months,' deteriorating battery performance over six months, and combination of damage (screen cracks + overheating + battery degradation) inconsistent with single accident. Pattern suggests accumulated usage wear and potential manufacturing defect rather than covered accidental incident.",Declined,True,False,True,True,False,True,SYN-DEC-0020,declined,,,
Accidental Damage,ADLD,SE,SMARTPHONES,WUAWEI,WUAWEI-SYN-21,8499,150,Online Portal,Active,"The screen of my WUAWEI-SYN-21 has stopped working properly. I think it got damaged when I dropped it a few weeks ago, but I'm not entirely sure when exactly it happened. The phone was in my bag and at some point the display started having issues with lines and discoloration. It's hard to remember the exact incident, but it must have been an accident. The edges of the phone also look a bit worn and the back has some minor cracks that I'm not sure about. I've been using the phone daily for work and it's been getting progressively worse. I'm claiming this now because I finally decided to get it repaired.","Gradual wear and tear inconsistent with sudden accidental damage. Claimant cannot specify incident details, timeline is vague ('a few weeks ago'), and description suggests progressive deterioration over time rather than acute damage event. Pre-existing wear on edges and back casing indicates device condition predates claimed incident.",Declined,True,False,True,True,True,True,SYN-DEC-0021,declined,,,
Accidental Damage,ADLD,SE,SMARTPHONES,WUAWEI,WUAWEI-SYN-22,8999,150,Online Portal,Active,Jag råkade tappa min telefon på ett hårt underlag förra veckan och nu fungerar den inte ordentligt. Skärmen är sprucken på flera ställen och batteriet verkar inte ladda längre. Enheten var i perfekt skick innan detta hände. Jag behöver den reparerad så snart som möjligt för mitt arbete. Telefonen har visat tecken på långsam prestanda de senaste månaderna men det är antagligen bara mjukvara.,Claim declined due to evidence of gradual wear and tear masquerading as acute damage. Claimant's mention of 'slow performance over recent months' and 'several cracks' suggests pre-existing degradation rather than single-incident damage. Battery failure combined with multiple screen fractures is inconsistent with typical drop damage pattern. Vague timeline ('förra veckan') and lack of specific incident details raise adjustment concerns.,Declined,True,False,True,True,True,True,SYN-DEC-0022,declined,,,
Accidental Damage,ADLD,NL,SMARTPHONES,WUAWEI,WUAWEI-SYN-23,8900,150,Online Portal,Active,"Mijn WUAWEI smartphone scherm is kapot. Het is gebeurd toen ik het toestel gebruikte, maar ik ben niet precies zeker wanneer het begon te barsten. Het scherm heeft al een paar maanden kleine scheuren gehad aan de hoeken, maar die waren niet erg. Gisteren merkte ik dat het veel erger was geworden met meer cracks in het midden. Ik herinner me niet dat ik het heb laten vallen of geraakt. Het kan zijn gebeurd in mijn zak of misschien van normale dagelijks gebruik. De telefoon werkt nog maar het display is moeilijk te zien. Ik wil dit graag laten repareren onder mijn verzekering.","Gradual wear and tear with progressive damage over months, not sudden accidental damage. Claimant admits small cracks existed for weeks and worsened gradually, indicating deterioration rather than acute incident. Vague description of actual cause of sudden worsening suggests normal wear rather than insurable event.",Declined,True,True,True,True,True,True,SYN-DEC-0023,declined,,,
Accidental Damage,ADLD,NL,SMARTPHONES,WUAWEI,WUAWEI-SYN-24,899,150,Online Portal,Active,"I dropped my WUAWEI-SYN-24 about three weeks ago from my desk onto a wooden floor. The screen has been acting strange since then with some cracks visible in the bottom left corner. The phone still turns on but the display flickers occasionally and touch responsiveness is poor in certain areas. I've been using it normally since the drop and didn't think it was serious enough to claim immediately, but the problem seems to be getting worse over time. The back also has some minor scratches that might be related. I'm not entirely sure if all the damage is from this one incident or if some of it was already there, but I'm claiming it now as accidental damage from the drop.","Claim exhibits multiple red flags: (1) Significant delay between alleged incident (3 weeks prior) and claim submission suggests pre-existing damage being claimed as new; (2) Vague causation - claimant admits uncertainty about whether all damage relates to single incident; (3) Progressive deterioration pattern (flicker worsening over time) is inconsistent with acute impact damage and suggests gradual wear or manufacturing defect; (4) Presence of unexplained back scratches raises concern about undisclosed prior incidents; (5) Claimant's own language ('didn't think it was serious enough') indicates they knowingly delayed reporting, attempting to mask pre-existing issues.",Declined,True,False,True,True,True,True,SYN-DEC-0024,declined,,,
Liquid Damage,ADLD,NL,SMARTPHONE,WUAWEI,WUAWEI-P50-PRO,1299,150,Online Portal,Active,"Claimant reports that their WUAWEI P50 Pro smartphone was exposed to liquid damage approximately 8 days before filing the claim. According to the submission, the device was placed on a kitchen counter near a window when 'condensation or possible water splash' from washing nearby dishes affected the device. The claimant states they immediately powered off the device and placed it in rice for drying. However, details are vague regarding the exact sequence of events and nature of the liquid exposure. When powered on 6 days later, the device exhibited intermittent touch screen responsiveness and occasional display flickering. The claimant did not seek professional assessment before filing the claim. Policy has been active for 14 months with no previous claims. Device purchase receipt from 11 months ago is provided, but no photographic evidence of damage or the drying process was submitted initially. The claim description lacks specificity about liquid type, volume of exposure, and whether any visible corrosion or discoloration is present on internal components.",,Borderline,True,False,True,True,False,True,SYN-BOR-0000,borderline,"['LEGITIMATE: Policy is active and in good standing with no prior claims history', 'LEGITIMATE: Device purchase documented within coverage period', 'LEGITIMATE: Liquid damage is covered under ADLD policy', 'LEGITIMATE: 8-day delay between incident and claim filing is not unusually extreme', 'CONCERNING: Vague description of how liquid exposure occurred (condensation vs. water splash ambiguity)', 'CONCERNING: 6-day delay before attempting to power on device raises questions about damage assessment', 'CONCERNING: No professional inspection or photographic evidence provided with initial claim', 'CONCERNING: Lack of detail about visible damage symptoms or component inspection', 'CONCERNING: Rice drying method may not align with manufacturer emergency protocols', 'CONCERNING: No witness or documentation of incident circumstances']",,
Liquid Damage,ADLD,SE,SMARTPHONES,WUAWEI,WUAWEI-SYN-1,8900,150,Online Portal,Active,"Jag rapporterar en skadad telefon från en incident som inträffade för ungefär två veckor sedan. Jag var på ett café när min vän skulle visa mig något på sin dator och förflyttade min WUAWEI-SYN-1 för att skapa plats. Telefonen trillade från bordet och landade nära en kaffekopp. Jag är inte helt säker på om den blev våt av kaffe eller bara fuktig från luftfuktigheten, men efter några timmar började skärmen flimra. Efter ett par dagar slutade den att svara på touchinmatning helt. Jag försökte torka den noggrant hemma men det hjälpte inte. Jag väntade med att anmäla eftersom jag trodde det kunde åtgärdas själv. Telefonens skärm är nu helt svart och den visar inga tecken på att den tar emot el. Jag har ingen videon eller foton från själva incidenten då det hände så snabbt.",,Borderline,False,False,True,True,False,False,SYN-BOR-0001,borderline,"['LEGITIMATE: Policy is active and liquid damage is covered under ADLD', 'LEGITIMATE: Device is premium model consistent with RRP pricing', 'LEGITIMATE: Plausible accidental spillage scenario at public venue', 'CONCERNING: 14-day delay in claim reporting without clear explanation', 'CONCERNING: Vague about whether actual liquid contact occurred vs. humidity exposure', 'CONCERNING: No photographic evidence or witness documentation of incident', 'CONCERNING: Claimant attempted self-repair before reporting (possible damage escalation)', 'CONCERNING: Inconsistent symptom progression (flicker → no response → black screen) lacks technical detail', 'CONCERNING: No mention of attempting device recovery services or diagnostics before claim', 'NEUTRAL: Café setting is verifiable location but unwitnessed incident weakens credibility']",,
Liquid Damage,ADLD,NL,LAPTOP,WUAWEI,WUAWEI-SYN-3,8500,150,Online Portal,Active,"Claimant reports that on March 12th, their WUAWEI-SYN-3 laptop suffered water damage when they were working at an outdoor café in Amsterdam. They state a server brought coffee to an adjacent table and it 'somehow spilled toward' their device. The laptop was powered on at the time. They immediately powered it off and placed it in rice for drying. After three days, they attempted to restart it but the device would not turn on. They did not seek professional inspection or drying service. Claim was filed on March 19th—7 days after the incident. Device was purchased 18 months prior to incident. Claimant provides one blurry photo of the laptop showing some moisture on the keyboard area, but no photos of the spilled coffee or immediate aftermath. They mention the café had 'no clear liability' and they did not file an incident report with the establishment. No witness statement provided.",,Borderline,False,False,True,True,False,False,SYN-BOR-0003,borderline,"['LEGITIMATE: Policy is active and liquid damage is covered under ADLD', 'LEGITIMATE: Device was functional before the incident and sudden liquid exposure is plausible', 'LEGITIMATE: Claimant took reasonable immediate action (powering off, attempting drying)', 'LEGITIMATE: Claim filed within reasonable timeframe', 'CONCERNING: 7-day delay between incident and claim filing—no explanation provided', 'CONCERNING: No professional damage assessment or repair quote submitted', 'CONCERNING: Single blurry photo insufficient for clear incident verification', 'CONCERNING: No witness corroboration of the spill event', 'CONCERNING: No incident report filed with café or third-party liability explored', 'CONCERNING: No documentation of purchase or device condition prior to incident', ""CONCERNING: Vague description of how coffee 'somehow spilled toward' the device suggests unclear causation"", 'CONCERNING: Rice-drying method is unproven and may not be documented by professional', 'UNCERTAIN: Cannot determine if damage is from this specific incident or pre-existing moisture']",,
Liquid Damage,ADLD,NL,SMARTPHONES,WUAWEI,WUAWEI-SYN-5,8500,150,Email,Active,"Geachte verzekeraars, ik dien hierbij een schadeclaim in voor mijn WUAWEI-SYN-5 smartphone. Het apparaat raakte beschadigd door vloeistofschade afgelopen dinsdag. Ik bevond me in een café en zette mijn telefoon op tafel. Een persoon naast mij stootte per ongeluk een glas water om, dat over mijn toestel liep. Ik droogde het apparaat onmiddellijk af met servetten. Het functioneerde nog enkele minuten normaal, maar de volgende ochtend wilde het niet meer aanzetten. De batterij lijkt niet op te laden en het scherm reageert niet. Ik ben ervan overtuigd dat dit een directe gevolg is van het waterincident. Dit is mijn eerste claim en ik hoop op uw hulp. Het apparaat is slechts 18 maanden oud en het gebeurde geheel onverwacht.",,Borderline,False,False,True,True,False,False,SYN-BOR-0005,borderline,"['SUPPORTING: Policy is active and in good standing', 'SUPPORTING: Liquid damage is covered under ADLD', 'SUPPORTING: Claimant provides specific date and location', 'SUPPORTING: Device is relatively new (18 months old)', 'SUPPORTING: First claim suggests good history', 'CONCERNING: 24+ hour delay before reporting to insurer (incident Tuesday, claim submitted later)', 'CONCERNING: No photographic evidence provided with claim', 'CONCERNING: Claimant attempted DIY drying (potential mitigation issue)', 'CONCERNING: No independent witness mentioned or statement', 'CONCERNING: Vague about exact time gap between incident and device failure', 'CONCERNING: Email submission lacks formal claim documentation', 'CONCERNING: No receipt or proof of purchase attached', 'CONCERNING: Unclear if device shows visible liquid indicators or corrosion marks']",,
Liquid Damage,ADLD,NL,SMARTPHONE,WUAWEI,WUAWEI-SYN-2,1200,150,Online Portal,Active,"Claimant reports that op 15 maart de WUAWEI smartphone onbedoeld in contact kwam met water tijdens het ontbijt. Volgens verklaring viel het apparaat uit de broekzak in een glas water op de keukentafel. Het device werd onmiddellijk uit het water gehaald en met een doek afgedroogd. Claimant wacht 2 dagen alvorens het apparaat in te schakelen, op welk moment het niet meer functioneerde. De claim werd echter pas op 22 maart ingediend (7 dagen later) via de online portal. Bij indiening vermeldt claimant dat het toestel ""waarschijnlijk"" waterschade heeft, maar geeft geen foto's of andere bewijsstukken mee. Echter, tijdens vervolgcommunicatie stuurt claimant wel een foto van een licht beschadigde screenprotector. De polis was actief en dekt accidentele schade. Claimant geeft toe dat er geen verzekering voor vloeibare schade was overwogen bij aankoop.",,Borderline,False,False,False,False,False,False,SYN-BOR-0002,borderline,"{'in_favor_of_approval': ['Policy is actively maintained and in force', 'Liquid damage occurred through genuine accident (device fell into water)', ""Claimant's response was reasonable (immediate drying, waiting period before powering on)"", 'ADLD coverage should technically cover accidental liquid exposure', 'Supporting photo evidence was eventually provided'], 'against_approval': ['Significant delay in claim submission (7 days) raises questions about causation', 'No initial documentation or photos submitted with claim', ""Vague claim language ('waarschijnlijk' waterschade) suggests uncertainty"", 'No professional inspection or technical diagnosis obtained before claiming', 'Claimant admits not selecting liquid damage coverage intentionally', 'Photo evidence (screenprotector) is circumstantial, not definitive proof of liquid damage', 'Device failure could potentially be unrelated to the water incident given the time gap']}",,
Liquid Damage,ADLD,NL,LAPTOP,WUAWEI,WUAWEI-SYN-6,8500,350,Online Portal,Active,"Claimant reports that their WUAWEI-SYN-6 laptop was damaged by liquid spillage on March 15th while working at home office. States that a glass of water was knocked over during a video call, spilling directly onto the keyboard and trackpad area. Device was immediately powered off. However, claim was not reported until March 28th—13 days later. In the incident description, claimant mentions 'it seemed to be working fine initially' but later states 'the screen went black after two days.' Timeline is somewhat unclear regarding when malfunction actually occurred. Claimant provides no photographic evidence of the liquid damage or wet components. Device has not been examined by authorized service center yet. Policy has been active for 18 months with no previous claims. Claimant's account shows regular premium payments with no lapses.",,Borderline,False,False,False,False,False,False,SYN-BOR-0006,borderline,"{'support_approval': ['Policy is active and in good standing with consistent payment history', 'Liquid damage is covered under ADLD policy', 'Incident description is detailed and specific (water, keyboard impact zone identified)', 'Delay in reporting could be explained by attempt to dry device or assess damage', 'No prior claims history suggests genuine customer', 'Reasonable timeframe between incident (March 15) and claim filing (March 28)'], 'against_approval': ['13-day delay between incident and claim report is unusually long for urgent damage', 'No photographic evidence of liquid damage or wet components provided', ""Timeline inconsistency: 'seemed fine initially' vs 'screen went black after two days' suggests unclear damage progression"", 'Device has not been professionally inspected to verify liquid damage cause', 'Vague on immediate response actions (no mention of professional drying, diagnostics attempted)', 'No corroborating evidence (photos, receipts for repair attempts, witness statements)']}",,
Liquid Damage,ADLD,SE,SMARTPHONES,WUAWEI,WUAWEI-SYN-4,8900,150,Online Portal,Active,"Jag var på väg hem från jobbet förra veckan när det började regna kraftigt. Jag hade min WUAWEI-SYN-4 i jackfickan och glömde att den var där. När jag kom hem märkte jag att mobilen var blöt och svarade inte längre. Jag försökte torka av den med en handduk och lät den lufttorka i några timmar, men den ville inte starta igen. Skärmen är helt svart och enheten är helt dödlig. Jag rapporterar detta krav nu, ungefär en vecka efter händelsen. Jag hade inte tänkt på att anmäla det tidigare eftersom jag hoppades att det skulle fixas av sig själv. Policyn är aktiv och jag har betalat alla premier i tid. Regnet var inte exceptionellt kraftigt enligt väderrapporterna den dagen, bara normalt sommarväder.",,Borderline,False,False,False,False,False,False,SYN-BOR-0004,borderline,"{'for_approval': ['Policy är verifierat aktiv och premie är betald', 'Liquid Damage är täckt under ADLD-försäkringen', 'Väderförhållandena kan verifieras via väderdata', 'Enheten är helt död, konsistent med vätskeskada', 'Claimant följde försökt självåtgärd innan rapportering'], 'against_approval': ['En vecka försenad rapportering utan tydlig förklaring till förseningen', 'Vag beskrivning av exakt exponering för vätskan', 'Claimant tillät enheten att lufttorka hemma istället för omedelbar avslutning', 'Ingen dokumentation av försöken att reparera eller professionell bedömning', ""Fokusering på 'normalt väder' kan antyda försök att undvika ansvarsfriskrivning"", 'Ingen vittne till incidenten eller dokumentation av tillstånd före/efter']}",,
Liquid Damage,ADLD,NL,SMARTPHONE,WUAWEI,WUAWEI-SYN-8,799,150,Email,Active,"Goedemiddag, ik dien een schadeclaim in voor mijn WUAWEI-SYN-8 smartphone. Het toestel is vorige week dinsdag blootgesteld aan water tijdens een ongeluk thuis. Ik was in de keuken en het telefoon viel uit mijn zak in een glas water dat op het aanrecht stond. Het apparaat werkte aanvankelijk nog, maar na ongeveer twee uur stopte het met reageren. De scherm is zwart gebleven en het toestel start niet meer op. Ik heb het onmiddellijk uit het water gehaald en het droog gemaaktmet een doek. De polis is actief sinds maart dit jaar en dit is mijn eerste claim. Helaas heb ik geen foto's kunnen maken van het incident zelf, maar het toestel is duidelijk beschadigd. Ik heb het niet geprobeerd te repareren zelf. De schade bedraagt naar schatting ongeveer 650 euro voor herstel.",,Borderline,False,False,False,False,False,False,SYN-BOR-0008,borderline,"['SUPPORTING: Policy is active and current, no previous claims history', 'SUPPORTING: Liquid damage is covered under ADLD policy', 'SUPPORTING: Plausible accident scenario (dropped into water)', 'SUPPORTING: Claimant followed correct procedure (removed from water, dried device)', 'CONCERNING: 8-day delay in claim submission without clear explanation', 'CONCERNING: No photographic evidence of damage or accident scene', ""CONCERNING: Vague timeline ('two hours' before failure is non-specific)"", 'CONCERNING: No witness corroboration mentioned', 'CONCERNING: Estimated repair cost (€650) is close to device RRP (€799) - unusually high for liquid damage', 'CONCERNING: Channel is email only - no voice communication to clarify details', 'UNCERTAIN: Device model SYN-8 liquid resistance specifications unclear']",,
Liquid Damage,ADLD,SE,SMARTPHONES,WUAWEI,WUAWEI-SYN-7,8999,450,Online Portal,Active,"Jag hävdar att min WUAWEI-SYN-7 skadades av vätskeöverflöde den 14 mars 2024. Jag var hemma och hade telefonen på köksbordet när min partner spilled ett glas vatten i närheten. Jag torkade den omedelbar med en handduk, men senare samma dag började skärmen att flimra och enheten slutade svara. Jag väntade 8 dagar innan jag rapporterade skadan till er, då jag först försökte starta om enheten flera gånger hemma. Ingen officiell reparatör inspekterades innan inlämningen. Jag har ingen kamerafilm eller vittnen till incidenten. Kvittot från inköpet är från 22 juni 2023, så försäkringen har varit aktiv i cirka 9 månader. Enheten köptes från en återförsäljare och är fortfarande under garantin. Jag vill få ersättning för reparation eller utbyte då denna var en helt normal hemlig olycka.",,Borderline,False,False,True,True,False,False,SYN-BOR-0007,borderline,"{'in_favor': ['Policy is active and covers ADLD', 'Genuine accidental liquid exposure described', 'Device was recently purchased (within 9 months)', 'Claimant attempted reasonable troubleshooting before reporting', 'Incident occurred at home in normal circumstances', 'No indication of intentional damage'], 'against': ['8-day delay in reporting is unusual for liquid damage', 'No professional inspection before claim submission', 'No photographic evidence of damage or incident', 'No witnesses mentioned or available', 'No documentation of attempted repairs', 'Vague about exact amount of water and exposure duration', 'Device still under manufacturer warranty—questionable why filing insurance claim first', 'No explanation for why initial restart attempts took 8 days to fail']}",,
Liquid Damage,ADLD,NL,LAPTOP,WUAWEI,WUAWEI-SYN-9,1850,150,Email,Active,"Policyholder reports that their WUAWEI laptop was damaged by liquid spillage on 12 March 2024 while working at a café. According to the claim, a colleague accidentally knocked over a coffee cup near the device, causing liquid to splash onto the keyboard and trackpad area. The device was immediately powered off and left to dry for approximately 48 hours before the policyholder attempted to turn it back on. The laptop now fails to power on, and the keyboard is unresponsive. Claim was submitted 18 days after the incident via email with minimal supporting documentation—only a brief written description and no photos of the damage or the accident scene. The policyholder did not obtain a written statement from the colleague or the café staff, nor did they have the device professionally inspected before filing. Device purchase receipt provided is dated 2 years prior, confirming active coverage period. No previous claims on this policy.",,Borderline,False,True,True,False,True,True,SYN-BOR-0009,borderline,"['LEGITIMATE: Policy is active and liquid damage is covered under ADLD', 'LEGITIMATE: Accidental spillage is a plausible and common accident scenario', 'LEGITIMATE: Device purchase date aligns with policy activation', 'LEGITIMATE: Immediate power-off action suggests reasonable damage mitigation', 'CONCERNING: Claim filed 18 days after incident—delayed reporting without clear explanation', 'CONCERNING: No photographic evidence of damage, accident, or device state', 'CONCERNING: No third-party corroboration (café staff, colleague statement)', 'CONCERNING: Vague description of liquid type and volume; no detail on spread pattern', 'CONCERNING: No professional inspection or repair quote provided', 'CONCERNING: No invoice/receipt from repair shop; device condition unverified', 'CONCERNING: Suspicious that device failed completely from coffee—possible pre-existing fault', 'BORDERLINE: 48-hour drying period is non-standard; professional drying typically required within hours']",,
Liquid Damage,ADLD,NL,LAPTOP,WUAWEI,WUAWEI-MatePad-Pro-X1,2800,150,Whatsapp,Active,"Klant meldt waterschadebijl laptop tijdens bedrijfsmeeting. Collega's koffiekopje viel over op werkstation, waardoor koffie over toetsenbord en scherm liep. Apparaat werd direct uitgeschakeld. Klant stuurde foto's via WhatsApp van het voorval met collega in achtergrond. Collega gaf mondelinge toestemming voor schadeclaim. Laptop wordt momenteel gedroogd op kantoor. Klant vraagt vervanging onder verzekering. Claim ingediend 4 uur na incident. Geen derde partij verzekering beschikbaar voor drank schade.",,Completed,False,False,,,False,False,SYN-EDG-0002,edge_cases,,"Multi-stakeholder liquid damage with third-party involvement, unusual claim channel (WhatsApp), high-value device, workplace incident with witness",Completed
Liquid Damage,ADLD,NL,LAPTOP,WUAWEI,WUAWEI-MateBook-Pro-16,2499,150,Whatsapp,Active,"Claimant reports that their WUAWEI MateBook Pro 16 laptop was damaged during a shared workspace incident. The device was on a communal desk when a colleague accidentally knocked over a full cup of coffee directly onto the keyboard and trackpad area. The claimant immediately powered off the device and did not attempt to turn it back on. However, the colleague (third party) has offered to reimburse the claimant for the damage privately, creating ambiguity around liability and insurance claim validity. The device shows visible liquid residue around the keyboard bezels and ports. Claimant submitted claim via WhatsApp with photos taken 2 hours after incident. Uncertainty exists regarding whether third-party reimbursement should disqualify the claim, and whether the private settlement offer constitutes a conflict with insurance coverage.",,Completed,False,False,,,False,False,SYN-EDG-0000,edge_cases,,Liquid Damage + Third Party Liability Involvement + Unusual Filing Channel (WhatsApp) + High-Value Device + Settlement Offer Complexity,Completed
Liquid Damage,ADLD,NL,LAPTOP,WUAWEI,WUAWEI-MatePad-Pro-13,32500,450,Whatsapp,Active,Försäljaren på elektronikbutiken i Amsterdam spilled per misstag sitt kaffe över min nya WUAWEI MatePad Pro 13 medan jag testade enheten innan köp. Incidenten inträffade den 15 mars 2024 klockan 14:30 på butiken. Säljaren erkände sitt misstag omedelbar och överlämnade skadeutredning från butiken. Enheten var helt funktig innan kaffe blev spill på tangentbordet och vänster sida av displayen. Efter ca 2 timmar visade skärmen vita fläckar och systemet slutade svara. Jag försökte inte slå på eller av enheten efter skadan för att undvika kortslutning. Butiken sa att detta skulle täckas under min försäkring då skadan inte var mitt eget fel. Jag har försäljningskvitto från samma dag och vittne från butikspersonalen som kan bekräfta händelsen.,,Completed,False,False,,,False,False,SYN-EDG-0001,edge_cases,,"Multi-factor edge case: High-value device (RRP 32500 EUR, exceeds typical threshold), Liquid Damage (underrepresented 2.3%), Unusual claim channel (Whatsapp), Third-party involvement (store employee liability), and high excess complexity",Completed
Liquid Damage,ADLD,NL,LAPTOP,WUAWEI,WUAWEI-MatePad-Pro-X1,2499,150,Whatsapp,Active,"Policyholder claims that during a business meeting at a café in Amsterdam, a third party (colleague) accidentally knocked over a large cappuccino directly onto the open WUAWEI MatePad Pro X1 laptop. The liquid immediately spread across the keyboard and trackpad area. Policyholder attempted immediate action by shutting down the device and wiping with napkins. Device was left to dry for 24 hours before attempting to power on. When powered on, the display flickered intermittently, keyboard became unresponsive, and there was visible corrosion around the USB-C charging port. The colleague offered to cover costs but dispute arose regarding fault responsibility. Claim filed via WhatsApp message with photo attachments showing wet keyboard area and corrosion, submitted 48 hours post-incident. No receipt of liquid damage notification or formal claim form initially provided through this channel.",,Completed,True,False,False,False,False,False,SYN-EDG-0003,edge_cases,,"Multi-factor edge case: (1) Liquid Damage claim (2.3% of real data), (2) High-value LAPTOP device (RRP €2499), (3) Third-party involvement complicating liability, (4) Claim filed via WhatsApp (unusual channel), (5) Delayed formal reporting through non-standard channel",Completed
Liquid Damage,ADLD,NL,SMARTPHONE,WUAWEI,WUAWEI-SYN-11,8500,250,Email,Active,"Goedemorgen, ik dien hierbij een schadeclaim in voor mijn WUAWEI-SYN-11 smartphone. Ongeveer twee weken geleden heb ik het apparaat per ongeluk in water laten vallen tijdens het wandelen in het park. Het toestel was in mijn broekzak en ik realiseerde me dit pas thuis. Ik heb het apparaat direct in rijst gezet voor 48 uur, maar helaas werkt het scherm niet meer en laadt de batterij niet op. De telefoon heeft geen fysieke schade aan de behuizing. Ik heb de claim nu pas ingediend omdat ik eerst heb geprobeerd het zelf te repareren via een lokale technicus, maar zij zeiden dat watersdamage niet onder garantie valt. De policy is actief sinds maart 2023 en ik ben zeker van dekking. Graag het schadebedrag in behandeling nemen.",,Borderline,False,False,True,True,True,True,SYN-BOR-0011,borderline,"['LEGITIMATE: Policy is active and liquid damage is covered under ADLD', 'LEGITIMATE: Device has no external physical damage suggesting genuine submersion', 'LEGITIMATE: Reasonable actions taken (rice drying method shows effort)', 'CONCERNING: 14-day delay between incident and claim reporting', 'CONCERNING: No photographic evidence or documentation of water damage provided', ""CONCERNING: Vague timeline - 'approximately two weeks ago' lacks specificity"", 'CONCERNING: Attempted DIY repair and third-party repair before claim reporting could void coverage', 'CONCERNING: No mention of contacting insurer immediately after incident', 'CONCERNING: Email-only submission lacks supporting documentation or receipts', 'UNCERTAIN: Unclear if device still powers on partially (only states screen and charging issues)']",,
Liquid Damage,ADLD,SE,SMARTPHONES,WUAWEI,WUAWEI-SYN-10,8500,150,Online Portal,Active,Kunden rapporterar att hennes WUAWEI-SYN-10 utsattes för vätskapåverkan den 14 mars. Hon säger att hon hade telefonen i väskan när hon satte sig på en café och hennes kaffekoppa tipade över. Hon märkte omedelbar fuktig väska och tog ut telefonen. Enheten var fuktig men startade fortfarande. Hon placerade den i rice över natten. Nästa morgon startades telefonen men skärmen visade konstiga pixlar och rösten från högtalarna lät förvrängd. Hon väntade dock inte att rapportera skadan förrän den 22 mars (8 dagar senare) då skärmen slutade fungera helt. Hon säger att hon försökte torka enheten bättre med en hårtork dagen efter incidenten men är osäker på exakt temperatur. Policyn var aktiv vid tidpunkten för incidenten. Kunden har inga foton från själva incidenten men erbjuder att skicka bilder på den fuktig väskan och enheten nu.,,Borderline,True,False,True,True,False,False,SYN-BOR-0010,borderline,"{'supporting_approval': ['Policy var aktiv vid tiden för incidenten', 'Vätskapåverkan täcks under ADLD-täckning', 'Incidenten är trolig och scenariot realistiskt', 'Progressiv skada som utvecklades över tid stöder autenticiteten', 'Kunden var framåtlutad i att försöka torka enheten'], 'supporting_denial': ['Betydande fördröjning på 8 dagar innan rapportering', 'Ingen dokumentation eller foton från själva vätskeincidenten', 'Vag beskrivning av temperatur på hårtork (potentiell intern skada från värme)', 'Kunden väntade med att rapportera tills enheten helt misslyckades', 'Möjlig olämplig torkteknik som kunde ha försämrat skadan', 'Ingen oberoende vittne till incidenten']}",,
Liquid Damage,ADLD,NL,LAPTOP,WUAWEI,WUAWEI-MateBook-Pro-16,32500,150,Whatsapp,Active,"Mijn WUAWEI MateBook Pro werd beschadigd door een koffiespill tijdens een zakenlunch op 14 maart. Mijn collega had per ongeluk zijn kopje omgekieperd over mijn geopende laptop terwijl ik een presentatie gaf. Het apparaat werd onmiddellijk uitgeschakeld. De dag erna kon ik het niet meer aanzetten. Drie dagen later hebben we het naar een WUAWEI servicecenter gebracht in Amsterdam. De technicus zei dat er aanzienlijke vochtschade in de moederbord en batterij zat. Het apparaat is volledig buiten werking. De servicecenter stuurde een offerte van €8.400 voor reparatie. De laptop was slechts 8 maanden oud en werd dagelijks voor werk gebruikt. Mijn verzekering dekt accidentele schade, dus ik verwacht dekking. Dit was duidelijk een ongeluk zonder schuld van mijzelf.",,Completed,False,False,,,False,False,SYN-EDG-0005,edge_cases,,"Multi-factor edge case: Liquid damage (underrepresented), high-value device (RRP > €30k), rare device type (laptop), filed via WhatsApp (unusual channel), involves third party (colleague's fault), and requires assessment of coverage applicability",Completed
Liquid Damage,ADLD,NL,LAPTOP,WUAWEI,WUAWEI-MatePad-Pro-13,32500,450,Whatsapp,Active,"Claim filed via WhatsApp on 14 november. Försäkringstagaren rapporterar att hans WUAWEI MatePad Pro 13-tum blev vätskeSkadad när hans 4-åriga son spillde en hel kopp juice på enheten under familjefilm. Enheten var från början ett arbetsverktyg värt 32.500 kronor. Efter händelsen startade enheten inte, och försäkringstagaren tog den till en WUAWEI-auktoriserad serviceverkstad. Verkstaden bekräftade omfattande vätskeSkada på moderkortet och skärmenheten. Försäkringstagaren hävdar att detta var en olyckshändelse hemma, men vätskeSkada från barnars handlingar kan klassificeras som bristande tillsyn. Claim-formuläret är ofullständigt, och ingen originalkvitto presenterades. Skadereduceringen på grund av höga RRP och otydliga omständigheter kring ansvaret utgör en utmaning för modelltolkningen.",,Declined,False,False,,,False,False,SYN-EDG-0004,edge_cases,,"Multi-factor edge case: High-value LAPTOP device (RRP > 30000), Liquid Damage (underrepresented claim type), filed via WhatsApp (unusual channel), involving third party (child), potential negligence argument, incomplete documentation",Declined
Liquid Damage,ADLD,NL,LAPTOP,WUAWEI,WUAWEI-MateBook-Pro-16,2499,150,Whatsapp,Active,"Claimant reports that their WUAWEI MateBook Pro 16 laptop was damaged when their 8-year-old child knocked over a full glass of apple juice during a video call. The liquid spilled directly onto the keyboard and trackpad area. The device was immediately powered off. Claimant waited 48 hours before attempting to turn it back on, following online advice. Upon restart, the device powered on but the trackpad is completely unresponsive, keyboard shows intermittent key failures (particularly on the left side), and there is visible corrosion around the USB-C charging port. The internal fan also emits a grinding noise. Claimant filed claim via WhatsApp with photos showing liquid residue marks and the non-functional keyboard. The laptop is still under the original 2-year manufacturer warranty but liquid damage is typically excluded from standard warranty coverage. Claimant states the device is critical for their home office work and requests expedited assessment.",,Completed,True,,True,,True,False,SYN-EDG-0006,edge_cases,,"Multi-factor edge case: (1) Rare liquid damage claim (2.3% baseline), (2) High-value LAPTOP device (€2,499 RRP), (3) Claim filed via WhatsApp (unusual channel), (4) Third-party involvement (child caused damage), (5) Delayed claim filing (48-hour gap), (6) Partial functionality complicating assessment",Completed
Liquid Damage,ADLD,NL,LAPTOP,WUAWEI,WUAWEI-MateBook-Pro-16,32500,150,Whatsapp,Active,"Verzekerde bracht zijn WUAWEI MateBook Pro 16 mee naar een bedrijfsbijeenkomst in Amsterdam. Tijdens een presentatie aan derden (belangrijk potentieel cliënten) werd de laptop omgestoten door een derde partij die zich haastte en een glas water over het apparaat morste. De derde partij bood aanvankelijk aan de schade te betalen, maar blijkt geen geldige verzekering te hebben. Het apparaat werd onmiddellijk uitgeschakeld, maar het display en het toetsenbord zijn ernstig beschadigd. De verzekerde diende de claim in via WhatsApp met foto's van het incident en contactgegevens van getuigen. Dit is een complex geval vanwege: (1) betrokkenheid van derde partij, (2) hoge apparaatwaarde boven 30.000 euro, (3) ongewone indiening via WhatsApp, (4) zakenomgeving waardoor verzekerbaarheid van professioneel gebruik moet worden geverifieerd.",,Declined,False,False,,,False,False,SYN-EDG-0008,edge_cases,,Multi-dimensional edge case: High-value device (€32.5k RRP) + Third-party involvement + Liquid damage + Unusual claim channel (WhatsApp) + Professional/business context,Declined
Liquid Damage,ADLD,NL,LAPTOP,WUAWEI,WUAWEI-MatePad-Pro-X1,2499,150,Whatsapp,Active,"Försäkringstagaren körde sitt WUAWEI MatePad Pro X1 laptop från Amsterdam till Stockholm. Vid en rastplats i Tyskland häll en tredje part (en okänd person på en bensinstationen) av misstag kaffe på laptopen när försäkringstagaren inte var närvarande. Datorn lämnades påslad. Omkring 200ml varmt kaffe trängde in genom tangentbordet och skärmkanten. Försäkringstagaren upptäckte skadan 45 minuter senare. Han fotograferade skadan och skrev till försäkringsbolaget via WhatsApp med bilder och en kort beskrivning på blandad svenska och engelska. Datorn startade inte igen. En lokal tekniker i Berlin diagnosticerade omfattande vätskeskador på moderkort och CPU. Tredje parts identitet är okänd, bara en namn från en vitne erhölls. Krav om ersättning från försäkringsbolaget lämnades in samma dag via WhatsApp-kanalen.",,Completed,False,False,True,True,False,False,SYN-EDG-0007,edge_cases,,"Multi-factor edge case: (1) Liquid Damage claim - underrepresented category, (2) High-value LAPTOP device, (3) Unusual claim channel (WhatsApp), (4) Third-party involvement with unidentified party, (5) Cross-border incident (Germany), (6) Device left powered on during incident",Completed
Liquid Damage,ADLD,NL,LAPTOP,WUAWEI,WUAWEI-MateBook-Pro-16,32500,150,Whatsapp,Active,"Claimant reports that their WUAWEI MateBook Pro 16 laptop was damaged when a third party (their teenage child) accidentally spilled an entire cup of coffee during a video conference call. The incident occurred while the claimant was actively using the device for a business meeting. The liquid reportedly seeped into the keyboard and trackpad area, causing immediate loss of keyboard functionality and partial trackpad responsiveness. The claimant attempted basic drying procedures for approximately 2 hours before powering down the device. No professional drying service was sought before claim submission. The device was purchased 18 months ago and is still under active policy. Claim was filed via WhatsApp with photos showing water staining on the keyboard. The high-value nature of the device combined with the premium coverage level makes this claim significant. However, the involvement of a third party (family member) and the delayed device shutdown raise questions about proper claim procedures and contributory negligence. The liquid damage is clearly visible but the extent of internal damage cannot be assessed without proper diagnostics.",,Completed,False,,,,False,False,SYN-EDG-0009,edge_cases,,"Multi-factor edge case: High-value LAPTOP (RRP >30000), Liquid Damage (rare category <2.5% of claims), third-party involvement (family member), filed via WhatsApp (unusual channel), and delayed response to incident",Completed
Liquid Damage,ADLD,NL,LAPTOP,WUAWEI,WUAWEI-MateBook-Pro-16,34999,150,Whatsapp,Active,"Tijdens een bedrijfsmeeting in een café werd mijn WUAWEI MateBook Pro 16 geraakt door een koffiekopje dat door een kellner werd omgegooid. Het apparaat kwam in direct contact met warme koffie over het toetsenbord en touchpad. De derde partij (het café) weigert verantwoordelijkheid te nemen, stellende dat het mijn schuld was omdat ik de laptop te dicht bij de tafelrand had geplaatst. Ik heb het apparaat onmiddellijk uitgeschakeld, maar het zal niet meer opstarten. De schermpagina's tonen volledig zwart. Het café heeft CCTV-beelden, maar wil deze niet delen. Ik heb foto's gemaakt van de koffievlekken en het apparaat. Mijn polis dekt accidentele schade, maar deze situatie is ingewikkelder door de derde partij betrokkenheid.",,Completed,False,False,False,False,False,False,SYN-EDG-0011,edge_cases,,"Multi-factor edge case: (1) Liquid Damage claim (underrepresented at 2.3%), (2) High-value device >30000 EUR, (3) Third-party involvement with liability dispute, (4) Filed via WhatsApp (unusual channel), (5) Rare device type (Laptop), (6) Potential subrogation complexity",Completed
Liquid Damage,ADLD,NL,LAPTOP,WUAWEI,WUAWEI-MatePad-Pro-X1,32500,850,Whatsapp,Active,"Policyholder claims their WUAWEI MatePad Pro X1 laptop (high-end workstation model worth €32,500) suffered liquid damage when their colleague accidentally spilled an entire cup of coffee during a business meeting at a shared office space in Amsterdam. The incident occurred on 14th March at approximately 14:45. The device was immediately powered off and placed in rice for 48 hours. Claimant states the colleague offered to cover costs but later refused to provide written confirmation or insurance details. The laptop was sent to an unauthorized third-party repair shop in Utrecht before contacting the insurer, where technicians identified corrosion on the motherboard and keyboard membrane. Claim filed via WhatsApp with blurry photos of the damage. No incident report filed with office management. Claimant requests full replacement value despite attempting unauthorized repairs and lack of third-party liability documentation.",,Declined,False,,,,False,False,SYN-EDG-0012,edge_cases,,"Multi-factor edge case: (1) Rare liquid damage + high-value LAPTOP device combination, (2) Third-party involvement with disputed liability, (3) Claim filed through informal WhatsApp channel, (4) Unauthorized pre-claim repair attempts, (5) Device value exceeds €30,000 threshold, (6) Commercial/workplace incident rather than personal use",Declined
Liquid Damage,ADLD,NL,LAPTOP,WUAWEI,WUAWEI-MatePad-Pro-13,32500,150,Whatsapp,Active,"Försäkringstagaren hällde accidentellt kaffe över sin WUAWEI MatePad Pro 13-tum vid ett möte på sitt kontor den 3 oktober. Enheten var på när vätskan spilldes. Omedelbar avstängning utfördes. Två dagar senare, då användaren försökte slå på enheten igen, startade den men displayen visade horizontala linjer och pekskärmen var endast delvis responsiv. Efter ytterligare två dagar började enheten stänga av slumpmässigt. Användaren kontaktade en lokal elektronikreparatör som diagnostiserade omfattande korrosion på moderkortet och på batteri-anslutningen. Reparatören vägrade att reparera enheten på grund av omfattningen av skadorna och rekommenderade ersättning. Användaren skickade två bilder via WhatsApp som visar fuktmarks indikatorer och korrosionsspår på de interna komponenterna. Försäkringstagaren hade inte tillgång till sin vanliga e-postadress vid tiden för anmälan.",,Completed,True,False,,,False,False,SYN-EDG-0010,edge_cases,,"Multi-factor edge case: High-value LAPTOP device (>30k), rare Liquid Damage claim, filed via WhatsApp with internal component photos, delayed symptom manifestation (3 days), involves third-party repair assessment",Completed
Accidental Damage,ADLD,NL,SMARTPHONES,WUAWEI,WUAWEI-SYN-6,8900,150,Online Portal,Active,"I dropped my phone from about waist height onto a wooden floor at home. When I picked it up, the screen had some small cracks in the corner but the phone still worked. Over the next few weeks, I noticed the cracks were spreading slowly across the display. Now the screen is almost completely shattered and I can barely see anything. The phone still turns on but the display is basically unusable. I'm claiming for accidental damage from the drop. The phone has been working fine up until this incident, no previous issues.","Gradual wear and tear masked as acute damage. The claimant's own description reveals progressive cracking over weeks, which is characteristic of stress fractures developing from existing micro-damage or manufacturing defect rather than sudden impact damage. The timeline inconsistency (small cracks spreading gradually) contradicts the claimed single drop incident. Manufacturing defect should be covered under warranty, not accidental damage insurance.",Declined,True,False,True,True,True,True,SYN-DEC-0006,declined,,,
